Harrow & Wealdstone,Wembley Central
Wembley Central,Willesden Junction
Willesden Junction,Paddington
Greenford,Bond Street
Bond Street,Ealing Broadway
Bond Street,Tottenham Court Road
Tottenham Court Road,Stratford
Stratford,South Woodford
Stratford,Newbury Park
Newbury Park,Hainault
Hainault,Roding Valley
Roding Valley,Woodford
South Woodford,Woodford
Woodford,Buckhurst Hill
Buckhurst Hill,Debden
Debden,Epping
Hammersmith,Wood Lane
Wood Lane,Paddington
Paddington,King's Cross St. Pancras
King's Cross St. Pancras,Farringdon
Farringdon,Moorgate
Moorgate,Liverpool Street
Liverpool Street,Tower Hill
Tower Hill,Blackfriars
Blackfriars,Westminster
Westminster,Victoria
Victoria,Paddington
Ealing Broadway,Acton Town
Acton Town,Hammersmith
Hammersmith,Earl's Court
Richmond,Kew Gardens
Kew Gardens,Hammersmith
Earl's Court,Kensington (Olympia)
Earl's Court,Fulham Broadway
Fulham Broadway,Southfields
Southfields,Wimbledon Park
Wimbledon Park,Wimbledon
Earl's Court,Paddington
Earl's Court,Victoria
Victoria,Westminster
Westminster,Blackfriars
Blackfriars,Tower Hill
Tower Hill,Whitechapel
Whitechapel,Bromley-by-Bow
Bromley-by-Bow,West Ham
West Ham,East Ham
East Ham,Barking
Barking,Upney
Upney,Dagenham Heathway
Dagenham Heathway,Elm Park
Elm Park,Upminster
Barking,East Ham
East Ham,West Ham
West Ham,Bromley-by-Bow
Bromley-by-Bow,Whitechapel
Whitechapel,Liverpool Street
Liverpool Street,Moorgate
Moorgate,Farringdon
Farringdon,King's Cross St. Pancras
King's Cross St. Pancras,Paddington
Paddington,Wood Lane
Wood Lane,Hammersmith
Stanmore,Kingsbury
Kingsbury,Wembley Park
Wembley Park,Kilburn
Kilburn,Bond Street
Bond Street,Westminster
Westminster,Waterloo
Waterloo,Southwark
Southwark,London Bridge
London Bridge,Bermondsey
Bermondsey,Canada Water
Canada Water,Canary Wharf
Canary Wharf,North Greenwich
North Greenwich,Canning Town
Canning Town,West Ham
West Ham,Stratford
Chesham,Chalfont & Latimer
Amersham,Chalfont & Latimer
Chalfont & Latimer,Chorleywood
Chorleywood,Pinner
Uxbridge,Hillingdon
Hillingdon,Ickenham
Ickenham,Harrow-on-the-Hill
Pinner,Harrow-on-the-Hill
Harrow-on-the-Hill,Wembley Park
Wembley Park,King's Cross St. Pancras
King's Cross St. Pancras,Farringdon
Farringdon,Moorgate
Moorgate,Liverpool Street
Edgware,Hendon Central
Hendon Central,Golders Green
Golders Green,King's Cross St. Pancras
Golders Green,Tottenham Court Road
High Barnet,Woodside Park
Woodside Park,West Finchley
West Finchley,Finchley Central
Mill Hill East,Finchley Central
Finchley Central,King's Cross St. Pancras
Finchley Central,Tottenham Court Road
King's Cross St. Pancras,Moorgate
Moorgate,Bank
Bank,London Bridge
London Bridge,Morden
Tottenham Court Road,Nine Elms
Nine Elms,Battersea Power Station
Tottenham Court Road,Morden
Cockfosters,Oakwood
Oakwood,Finsbury Park
Finsbury Park,Caledonian Road
Caledonian Road,King's Cross St. Pancras
King's Cross St. Pancras,Green Park
Green Park,Earl's Court
Earl's Court,Hammersmith
Hammersmith,Acton Town
Acton Town,Sudbury Town
Acton Town,Osterley
Osterley,Hounslow East
Hounslow East,Hounslow West
Hounslow West,Heathrow 123
Hounslow West,Heathrow 4
Heathrow 123,Heathrow 5
Sudbury Town,Sudbury Hill
Sudbury Hill,Ickenham
Ickenham,Hillingdon
Hillingdon,Uxbridge
Tottenham Hale,Finsbury Park
Finsbury Park,King's Cross St. Pancras
King's Cross St. Pancras,Green Park
Green Park,Victoria
Victoria,Vauxhall
Vauxhall,Brixton
Waterloo,Bank
Shenfield,Brentwood
Brentwood,Harold Wood
Harold Wood,Gidea Park
Gidea Park,Romford
Romford,Chadwell Heath
Chadwell Heath,Goodmayes
Goodmayes,Seven Kings
Seven Kings,Ilford
Ilford,Manor Park
Manor Park,Forest Gate
Forest Gate,Maryland
Maryland,Stratford
Stratford,Whitechapel
Whitechapel,Liverpool Street
Liverpool Street,Farringdon
Farringdon,Tottenham Court Road
Tottenham Court Road,Bond Street
Bond Street,Paddington
Paddington,Acton Main Line
Acton Main Line,Ealing Broadway
Ealing Broadway,West Ealing
West Ealing,Hanwell
Hanwell,Southall
Southall,Hayes & Harlington
Hayes & Harlington,Heathrow 123
Heathrow 123,Heathrow 4
Heathrow 123,Heathrow 5
Hayes & Harlington,West Drayton
West Drayton,Iver
Iver,Langley
Langley,Slough
Slough,Burnham
Burnham,Taplow
Taplow,Maidenhead
Maidenhead,Twyford
Twyford,Reading
Whitechapel,Canary Wharf
Canary Wharf,Custom House
Custom House,Woolwich
Woolwich,Abbey Wood
Stratford International,Stratford
Stratford,Stratford High Street
Stratford High Street,Abbey Road
Abbey Road,West Ham
West Ham,Star Lane
Star Lane,Canning Town
Canning Town,Royal Victoria
Canning Town,West Silvertown
Royal Victoria,Custom House
Custom House,Prince Regent
Prince Regent,Royal Albert
Royal Albert,Beckton Park
Beckton Park,Cyprus
Cyprus,Gallions Reach
Gallions Reach,Beckton
West Silvertown,Pontoon Dock
Pontoon Dock,London City Airport
London City Airport,King George V
King George V,Woolwich Arsenal
Stratford,Pudding Mill Lane
Pudding Mill Lane,Bow Church
Bow Church,Devons Road
Devons Road,Langdon Park
Langdon Park,All Saints
All Saints,Poplar
Canning Town,East India
East India,Blackwall
Blackwall,Poplar
Poplar,West India Quay
West India Quay,Canary Wharf
Canary Wharf,Heron Quays
Heron Quays,South Quay
South Quay,Crossharbour
Crossharbour,Mudchute
Mudchute,Island Gardens
Island Gardens,Cutty Sark
Cutty Sark,Greenwich
Greenwich,Deptford Bridge
Deptford Bridge,Elverson Road
Elverson Road,Lewisham
West India Quay,Westferry
Westferry,Poplar
Westferry,Limehouse
Limehouse,Shadwell
Shadwell,Bank
Shadwell,Tower Gateway
