Harrow & Wealdstone,Kenton
Kenton,South Kenton
South Kenton,North Wembley
North Wembley,Wembley Central
Wembley Central,Stonebridge Park
Stonebridge Park,Harlesden
Harlesden,Willesden Junction
Willesden Junction,Kensal Green
Kensal Green,Queen's Park
Queen's Park,Kilburn Park
Kilburn Park,Maida Vale
Maida Vale,Warwick Avenue
Warwick Avenue,Edgware Road (B)
Edgware Road (B),Marylebone
Marylebone,Baker Street
Baker Street,Regent's Park
Regent's Park,Oxford Circus
Oxford Circus,Picadilly Circus
Picadilly Circus,Charing Cross
Charing Cross,Embankment
Embankment,Waterloo
Waterloo,Lambeth North
Lambeth North,Elephant & Castle
West Ruislip,Ruislip Gardens
Ruislip Gardens,South Ruislip
South Ruislip,Northolt
Northolt,Greenford
Greenford,Perivale
Perivale,Hanger Lane
Hanger Lane,North Acton
Ealing Broadway,West Acton
West Acton,North Acton
North Acton,East Acton
East Acton,White City
White City,Shepherd's Bush (C)
Shepherd's Bush (C),Holland Park
Holland Park,Notting Hill Gate
Notting Hill Gate,Queensway
Queensway,Lancaster Gate
Lancaster Gate,Marble Arch
Marble Arch,Bond Street
Bond Street,Oxford Circus
Oxford Circus,Tottenham Court Road
Tottenham Court Road,Holborn
Holborn,Chancery Lane
Chancery Lane,St. Paul's
St. Paul's,Bank
Bank,Liverpool Street
Liverpool Street,Bethnal Green
Bethnal Green,Mile End
Mile End,Stratford
Stratford,Leyton
Leyton,Leytonstone
Leytonstone,Wanstead
Wanstead,Redbridge
Redbridge,Gants Hill
Gants Hill,Newbury Park
Newbury Park,Barkingside
Barkingside,Fairlop
Fairlop,Hainault
Hainault,Grange Hill
Grange Hill,Chigwell
Chigwell,Roding Valley
Roding Valley,Woodford
Woodford,South Woodford
South Woodford,Snaresbrook
Snaresbrook,Leytonstone
Woodford,Buckhurst Hill
Buckhurst Hill,Loughton
Loughton,Debden
Debden,Theydon Bois
Theydon Bois,Epping
Hammersmith,Goldhawk Road
Goldhawk Road,Shepherd's Bush Markert
Shepherd's Bush Markert,Wood Lane
Wood Lane,Latimer Road
Latimer Road,Ladbroke Grove
Ladbroke Grove,Westbourne Park
Westbourne Park,Royal Oak
Royal Oak,Paddington
Paddington,Edgware Road (C)
Edgware Road (C),Baker Street
Baker Street,Great Portland Street
Great Portland Street,Euston Square
Euston Square,King's Cross St. Pancras
King's Cross St. Pancras,Farringdon
Farringdon,Barbican
Barbican,Moorgate
Moorgate,Liverpool Street
Liverpool Street,Aldgate
Aldgate,Tower Hill
Tower Hill,Monument
Monument,Cannon Street
Cannon Street,Mansion House
Mansion House,Blackfriars
Blackfriars,Temple
Temple,Embankment
Embankment,Westminster
Westminster,St. James's Park
St. James's Park,Victoria
Victoria,Sloane Square
Sloane Square,South Kensington
South Kensington,Gloucester Road
Gloucester Road,High Street Kensington
High Street Kensington,Notting Hill Gate
Notting Hill Gate,Bayswater
Bayswater,Paddington
Paddington,Edgware Road (C)
Ealing Broadway,Ealing Common
Ealing Common,Acton Town
Acton Town,Chiswick Park
Chiswick Park,Turnham Green
Richmond,Kew Gardens
Kew Gardens,Gunnersbury
Gunnersbury,Turnham Green
Turnham Green,Stamford Brook
Stamford Brook,Ravenscourt Park
Ravenscourt Park,Hammersmith
Hammersmith,Barons Court
Barons Court,West Kensington
West Kensington,Earl's Court
Wimbledon,Wimbledon Park
Wimbledon Park,Southfields
Southfields,East Putney
East Putney,Putney Bridge
Putney Bridge,Parsons Green
Parsons Green,Fulham Broadway
Fulham Broadway,West Brompton
West Brompton,Earl's Court
Earl's Court,High Street Kensington
Earl's Court,Kensington (Olympia)
Earl's Court,Gloucester Road
Tower Hill,Aldgate East
Aldgate East,Whitechapel
Whitechapel,Stepney Green
Stepney Green,Mile End
Mile End,Bow Road
Bow Road,Bromley-By-Bow
Bromley-By-Bow,West Ham
West Ham,Plaistow
Plaistow,Upton Park
Upton Park,East Ham
East Ham,Barking
Barking,Upney
Upney,Becontree
Becontree,Dagenham Heathway
Dagenham Heathway,Dagenham East
Dagenham East,Elm Park
Elm Park,Hornchurch
Hornchurch,Upminster Bridge
Upminster Bridge,Upminster
Liverpool Street,Aldgate East
Stanmore,Canons Park
Canons Park,Queensbury
Queensbury,Kingsbury
Kingsbury,Wembley Park
Wembley Park,Neasden
Neasden,Dollis Hill
Dollis Hill,Willesden Green
Willesden Green,Kilburn
Kilburn,West Hampstead
West Hampstead,Finchley Road
Finchley Road,Swiss Cottage
Swiss Cottage,St. John's Wood
St. John's Wood,Baker Street
Baker Street,Bond Street
Bond Street,Green Park
Green Park,Westminster
Westminster,Waterloo
Waterloo,Southwark
Southwark,London Bridge
London Bridge,Bermondsey
Bermondsey,Canada Water
Canada Water,Canary Wharf
Canary Wharf,North Greenwich
North Greenwich,Canning Town
Canning Town,West Ham
West Ham,Stratford
Chesham,Chalfont & Latimer
Amersham,Chalfont & Latimer
Chalfont & Latimer,Chorleywood
Chorleywood,Rickmansworth
Watford,Croxley
Croxley,Moor Park
Rickmansworth,Moor Park
Moor Park,Northwood
Northwood,Northwood Hills
Northwood Hills,Pinner
Pinner,North Harrow
North Harrow,Harrow-on-the-Hill
Uxbridge,Hillingdon
Hillingdon,Ickenham
Ickenham,Ruislip
Ruislip,Ruislip Gardens
Ruislip Gardens,Eastcote
Eastcote,Rayners Lane
Rayners Lane,West Harrow
West Harrow,Harrow-on-the-Hill
Harrow-on-the-Hill,Northwick Park
Northwick Park,Preston Road
Preston Road,Wembley Park
Wembley Park,Finchley Road
Finchley Road,Baker Street
Edgware,Burnt Oak
Burnt Oak,Colindale
Colindale,Hendon Central
Hendon Central,Brent Cross
Brent Cross,Golders Green
Golders Green,Hampstead
Hampstead,Belsize Park
Belsize Park,Chalk Farm
Chalk Farm,Camden Town
Camden Town,Euston
Camden Town,Mornington Crescent
Mornington Crescent,Euston
Euston,Warren Street
Warren Street,Goodge Street
Goodge Street,Tottenham Court Road
Tottenham Court Road,Leicester Square
Leicester Square,Charing Cross
Charing Cross,Embankment
Embankment,Waterloo
Waterloo,Kennington
Kennington,Nine Elms
Nine Elms,Battersea Power Station
Kennington,Oval
Oval,Stockwell
Stockwell,Clapham North
Clapham North,Clapham Common
Clapham Common,Clapham South
Clapham South,Balham
Balham,Tooting Bec
Tooting Bec,Tooting Broadway
Tooting Broadway,Colliers Wood
Colliers Wood,South Wimbledon
South Wimbledon,Morden
Euston,King's Cross St. Pancras
King's Cross St. Pancras,Angel
Angel,Old Street
Old Street,Moorgate
Moorgate,Bank
Bank,London Bridge
London Bridge,Borough
Borough,Elephant & Castle
Elephant & Castle,Kennington
High Barnet,Totteridge & Whetstone
Totteridge & Whetstone,Woodside Park
Woodside Park,West Finchley
West Finchley,Finchley Central
Mill Hill East,Finchley Central
Finchley Central,East Finchley
East Finchley,Highgate
Highgate,Archway
Archway,Tufnell Park
Tufnell Park,Kentish Town
Kentish Town,Camden Town
Rayners Lane,South Harrow
South Harrow,Sudbury Hill
Sudbury Hill,Sudbury Town
Sudbury Town,Alperton
Alperton,Park Royal
Park Royal,North Ealing
Acton Town,Turnham Green
Acton Town,South Ealing
South Ealing,Northfields
Northfields,Boston Manor
Boston Manor,Osterley
Osterley,Hounslow East
Hounslow East,Hounslow Central
Hounslow Central,Hounslow West
Hounslow West,Hatton Cross
Hatton Cross,Heathrow Terminal 4
Hatton Cross,"Heathrow Terminals 1, 2 & 3"
Heathrow Terminal 4,"Heathrow Terminals 1, 2 & 3"
"Heathrow Terminals 1, 2 & 3",Heathrow 5
Turnham Green,Hammersmith
Barons Court,Earl's Court
South Kensington,Knightsbridge
Knightsbridge,Hyde Park Corner
Hyde Park Corner,Green Park
Green Park,Picadilly Circus
Picadilly Circus,Leicester Square
Leicester Square,Covent Garden
Covent Garden,Holborn
Holborn,Russell Square
Russell Square,King's Cross St. Pancras
King's Cross St. Pancras,Caledonian Road
Caledonian Road,Holloway Road
Holloway Road,Arsenal
Arsenal,Finsbury Park
Finsbury Park,Manor House
Manor House,Turnpike Lane
Turnpike Lane,Wood Green
Wood Green,Bounds Green
Bounds Green,Arnos Grove
Arnos Grove,Southgate
Southgate,Oakwood
Oakwood,Cockfosters
Walthamstow Central,Blackhorse Road
Blackhorse Road,Tottenham Hale
Tottenham Hale,Seven Sisters
Seven Sisters,Finsbury Park
Finsbury Park,Highbury & Islington
Highbury & Islington,King's Cross St. Pancras
King's Cross St. Pancras,Euston
Euston,Warren Street
Warren Street,Oxford Circus
Oxford Circus,Green Park
Green Park,Victoria
Victoria,Pimlico
Pimlico,Vauxhall
Vauxhall,Stockwell
Stockwell,Brixton
Waterloo,Bank
Bank,Shadwell
Tower Gateway,Shadwell
Shadwell,Limehouse
Limehouse,Westferry
Westferry,West India Quay
West India Quay,Canary Wharf
Canary Wharf,Heron Quays
Heron Quays,South Quay
South Quay,Crossharbour & London Arena
Crossharbour & London Arena,Mudchute
Mudchute,Island Gardens
Island Gardens,Cutty Sark
Cutty Sark,Greenwich
Greenwich,Deptford Bridge
Deptford Bridge,Elverson Road
Elverson Road,Lewisham
Westferry,Poplar
Poplar,West India Quay
Poplar,All Saints
All Saints,Langdon Park
Langdon Park,Devons Road
Devons Road,Bow Church
Bow Church,Pudding Mill Lane
Pudding Mill Lane,Stratford
Stratford,Stratford International
Stratford,Stratford High Street
Stratford High Street,Abbey Road
Abbey Road,West Ham
West Ham,Star Lane
Star Lane,Canning Town
Poplar,Blackwall
Blackwall,East India
East India,Canning Town
Canning Town,Royal Victoria
Royal Victoria,Custom House
Custom House,Prince Regent
Prince Regent,Royal Albert
Royal Albert,Beckton Park
Beckton Park,Cyprus
Cyprus,Gallions Reach
Gallions Reach,Beckton
Canning Town,West Silvertown
West Silvertown,Pontoon Dock
Pontoon Dock,London City Airport
London City Airport,King George V
King George V,Woolwich Arsenal
Shenfield,Brentwood
Brentwood,Harold Wood
Harold Wood,Gidea Park
Gidea Park,Romford
Romford,Chadwell Heath
Chadwell Heath,Goodmayes
Goodmayes,Seven Kings
Seven Kings,Ilford
Ilford,Manor Park
Manor Park,Forest Gate
Forest Gate,Maryland
Maryland,Stratford
Stratford,Whitechapel
Whitechapel,Canary Wharf
Canary Wharf,Custom House
Custom House,Woolwich
Woolwich,Abbey Wood
Whitechapel,Liverpool Street
Liverpool Street,Farringdon
Farringdon,Tottenham Court Road
Tottenham Court Road,Bond Street
Bond Street,Paddington
Paddington,Acton Main Line
Acton Main Line,Ealing Broadway
Ealing Broadway,West Ealing
West Ealing,Hanwell
Hanwell,Southall
Southall,Hayes and Harlington
Hayes and Harlington,West Drayton
West Drayton,Iver Langley
Iver Langley,Slough
Slough,Burnham
Burnham,Taplow
Taplow,Maidenhead
Maidenhead,Twyford
Twyford,Reading
Hayes and Harlington,"Heathrow Terminals 1, 2 & 3"
"Heathrow Terminals 1, 2 & 3",Heathrow Terminal 4
"Heathrow Terminals 1, 2 & 3",Heathrow 5
Heathrow 5,"Heathrow Terminals 1, 2 & 3"
